{"question1":"What is Scott Lamberts First Name?","correctAnswerQ1":"Darth Vader","incorrectAnswer1Q1":"Scott","incorrectAnswer2Q1":"Lambert","incorrectAnswer3Q1":"Ronald","question2":"Where do you save your Uniy Projects?","correctAnswerQ2":"Floppy Disk","incorrectAnswer1Q2":"Desktop","incorrectAnswer2Q2":"C: Drive","incorrectAnswer3Q2":"D: Drive","question3":"How do you open a bannana?","correctAnswerQ3":"The Middle","incorrectAnswer1Q3":"The Top","incorrectAnswer2Q3":"The Bottom","incorrectAnswer3Q3":"The Side"}